scheme_name,affiliation_no
Scheme of Vocational Education,388786
Girls Hostel Scheme,388758
Scholarship schemes for Minority students,388754
Scholarship schemes for Minority students,388758
Girls Hostel for students of secondary and higher secondary schools,388508
Girls Hostel for students of secondary and higher secondary schools,388441
Girls Hostel for students of secondary and higher secondary schools,388576
Scheme of Vocational Education,388721
National Merit-cum-Means Scholarship Scheme,388712
National Scheme of Incentives to Girls for Secondary Education,388415
Girls Hostel for students of secondary and higher secondary schools,388645
Scheme of Vocational Education,388440
Scholarship schemes for Minority students,388723
National Merit-cum-Means Scholarship Scheme,388544
National Merit-cum-Means Scholarship Scheme,388704
National Scheme of Incentives to Girls for Secondary Education,388722
Girls Hostel Scheme,388617
National Scheme of Incentives to Girls for Secondary Education,388730
Inclusive Education for Disabled at Secondary Stage,388641
National Merit-cum-Means Scholarship Scheme,388667
Girls Hostel Scheme,388606
National Scholarships,388555
National Scholarships,388628
Scheme of Vocational Education,388432
National Scheme of Incentives to Girls for Secondary Education,388572
Rashtriya Madhyamik Shiksha Abhiyan,388735
National Merit-cum-Means Scholarship Scheme,388481
National Scholarships,388474
Girls Hostel Scheme,388481
National Scheme of Incentives to Girls for Secondary Education,388691
National Scheme of Incentives to Girls for Secondary Education,388592
Girls Hostel for students of secondary and higher secondary schools,388663
Scheme of Vocational Education,388518
Girls Hostel for students of secondary and higher secondary schools,388803
Girls Hostel for students of secondary and higher secondary schools,388541
Girls Hostel for students of secondary and higher secondary schools,388707
National Merit-cum-Means Scholarship Scheme,388536
National Scheme of Incentives to Girls for Secondary Education,388428
National Merit-cum-Means Scholarship Scheme,388489
Scheme of Vocational Education,388410
National Scholarships,388729
National Scheme of Incentives to Girls for Secondary Education,388643
Scholarship schemes for Minority students,388618
Girls Hostel Scheme,388745
Girls Hostel for students of secondary and higher secondary schools,388686
Girls Hostel for students of secondary and higher secondary schools,388807
National Merit-cum-Means Scholarship Scheme,388462
National Scholarships,388756
Girls Hostel for students of secondary and higher secondary schools,388531
Scheme of Vocational Education,388478
National Merit-cum-Means Scholarship Scheme,388460
Inclusive Education for Disabled at Secondary Stage,388719
Scholarship schemes for Minority students,388587
Girls Hostel for students of secondary and higher secondary schools,388429
Girls Hostel for students of secondary and higher secondary schools,388746
National Merit-cum-Means Scholarship Scheme,388649
Girls Hostel Scheme,388557
Girls Hostel Scheme,388517
National Scholarships,388799
Inclusive Education for Disabled at Secondary Stage,388760
Scheme of Vocational Education,388675
National Scheme of Incentives to Girls for Secondary Education,388560
Rashtriya Madhyamik Shiksha Abhiyan,388428
Inclusive Education for Disabled at Secondary Stage,388768
National Scheme of Incentives to Girls for Secondary Education,388723
National Scholarships,388482
Girls Hostel for students of secondary and higher secondary schools,388536
National Scholarships,388770
National Merit-cum-Means Scholarship Scheme,388482
Scholarship schemes for Minority students,388520
Scheme of Vocational Education,388420
Rashtriya Madhyamik Shiksha Abhiyan,388443
Scheme of Vocational Education,388799
Scholarship schemes for Minority students,388545
National Scholarships,388579
National Merit-cum-Means Scholarship Scheme,388427
Rashtriya Madhyamik Shiksha Abhiyan,388604
Girls Hostel Scheme,388485
Inclusive Education for Disabled at Secondary Stage,388673
Girls Hostel for students of secondary and higher secondary schools,388619
Girls Hostel Scheme,388508
National Scholarships,388719
Inclusive Education for Disabled at Secondary Stage,388579
Scholarship schemes for Minority students,388452
Rashtriya Madhyamik Shiksha Abhiyan,388614
Inclusive Education for Disabled at Secondary Stage,388552
Rashtriya Madhyamik Shiksha Abhiyan,388752
Rashtriya Madhyamik Shiksha Abhiyan,388751
National Merit-cum-Means Scholarship Scheme,388547
Girls Hostel Scheme,388524
Girls Hostel for students of secondary and higher secondary schools,388597
National Scholarships,388668
Girls Hostel Scheme,388577
Girls Hostel Scheme,388433
Girls Hostel for students of secondary and higher secondary schools,388583
Scheme of Vocational Education,388674
Scholarship schemes for Minority students,388494
Rashtriya Madhyamik Shiksha Abhiyan,388749
National Merit-cum-Means Scholarship Scheme,388707
Girls Hostel for students of secondary and higher secondary schools,388501
Rashtriya Madhyamik Shiksha Abhiyan,388714
National Merit-cum-Means Scholarship Scheme,388426
Rashtriya Madhyamik Shiksha Abhiyan,388602
National Scholarships,388563
Scheme of Vocational Education,388570
Inclusive Education for Disabled at Secondary Stage,388550
Rashtriya Madhyamik Shiksha Abhiyan,388799
Scholarship schemes for Minority students,388591
Inclusive Education for Disabled at Secondary Stage,388663
Scholarship schemes for Minority students,388798
Rashtriya Madhyamik Shiksha Abhiyan,388421
National Merit-cum-Means Scholarship Scheme,388477
Girls Hostel Scheme,388512
National Scheme of Incentives to Girls for Secondary Education,388573
Scholarship schemes for Minority students,388530
National Scholarships,388496
Scheme of Vocational Education,388654
Girls Hostel Scheme,388642
Inclusive Education for Disabled at Secondary Stage,388481
Scheme of Vocational Education,388529
Rashtriya Madhyamik Shiksha Abhiyan,388584
Girls Hostel Scheme,388551
Girls Hostel Scheme,388475
Scheme of Vocational Education,388590
National Merit-cum-Means Scholarship Scheme,388476
Inclusive Education for Disabled at Secondary Stage,388632
National Scholarships,388705
National Scholarships,388752
Inclusive Education for Disabled at Secondary Stage,388512
National Scholarships,388445
Girls Hostel Scheme,388624
National Scheme of Incentives to Girls for Secondary Education,388735
Scholarship schemes for Minority students,388687
National Merit-cum-Means Scholarship Scheme,388509
Scholarship schemes for Minority students,388729
National Scheme of Incentives to Girls for Secondary Education,388757
National Scholarships,388747
Scholarship schemes for Minority students,388702
National Scholarships,388424
Scheme of Vocational Education,388748
Scheme of Vocational Education,388667
Girls Hostel Scheme,388412
National Scheme of Incentives to Girls for Secondary Education,388806
Rashtriya Madhyamik Shiksha Abhiyan,388510
Girls Hostel for students of secondary and higher secondary schools,388534
National Scheme of Incentives to Girls for Secondary Education,388766
Inclusive Education for Disabled at Secondary Stage,388444
National Merit-cum-Means Scholarship Scheme,388776
Rashtriya Madhyamik Shiksha Abhiyan,388427
National Scholarships,388410
Scholarship schemes for Minority students,388467
Scholarship schemes for Minority students,388455
Scheme of Vocational Education,388539
National Scheme of Incentives to Girls for Secondary Education,388680
Scholarship schemes for Minority students,388643
National Merit-cum-Means Scholarship Scheme,388512
Girls Hostel Scheme,388736
Girls Hostel for students of secondary and higher secondary schools,388687
National Merit-cum-Means Scholarship Scheme,388580
Scheme of Vocational Education,388565
National Merit-cum-Means Scholarship Scheme,388582
National Scholarships,388624
National Scheme of Incentives to Girls for Secondary Education,388791
Girls Hostel Scheme,388471
National Scheme of Incentives to Girls for Secondary Education,388542
National Scholarships,388678
Scholarship schemes for Minority students,388620
Rashtriya Madhyamik Shiksha Abhiyan,388557
Scholarship schemes for Minority students,388695
National Scheme of Incentives to Girls for Secondary Education,388746
National Merit-cum-Means Scholarship Scheme,388743
Girls Hostel for students of secondary and higher secondary schools,388473
Scholarship schemes for Minority students,388487
National Scholarships,388736
Girls Hostel Scheme,388430
National Scholarships,388608
Girls Hostel for students of secondary and higher secondary schools,388563
Girls Hostel Scheme,388648
National Scheme of Incentives to Girls for Secondary Education,388507
National Scheme of Incentives to Girls for Secondary Education,388743
Scheme of Vocational Education,388600
Rashtriya Madhyamik Shiksha Abhiyan,388618
Scholarship schemes for Minority students,388668
Girls Hostel Scheme,388586
National Scheme of Incentives to Girls for Secondary Education,388430
Rashtriya Madhyamik Shiksha Abhiyan,388424
Girls Hostel for students of secondary and higher secondary schools,388504
Girls Hostel Scheme,388766
National Scholarships,388481
Scholarship schemes for Minority students,388703
National Scholarships,388450
Rashtriya Madhyamik Shiksha Abhiyan,388796
Girls Hostel Scheme,388435
Inclusive Education for Disabled at Secondary Stage,388743
Scheme of Vocational Education,388652
Inclusive Education for Disabled at Secondary Stage,388429
National Scheme of Incentives to Girls for Secondary Education,388527
Rashtriya Madhyamik Shiksha Abhiyan,388571
National Scheme of Incentives to Girls for Secondary Education,388774
Scholarship schemes for Minority students,388424
National Merit-cum-Means Scholarship Scheme,388726
Girls Hostel for students of secondary and higher secondary schools,388745
Girls Hostel Scheme,388480
Scholarship schemes for Minority students,388509
Scheme of Vocational Education,388545
Scheme of Vocational Education,388781
National Merit-cum-Means Scholarship Scheme,388638
Scheme of Vocational Education,388447
Girls Hostel Scheme,388556
National Scheme of Incentives to Girls for Secondary Education,388551
Girls Hostel for students of secondary and higher secondary schools,388640
National Scheme of Incentives to Girls for Secondary Education,388731
Girls Hostel for students of secondary and higher secondary schools,388632
Girls Hostel Scheme,388466
National Merit-cum-Means Scholarship Scheme,388420
National Merit-cum-Means Scholarship Scheme,388710
Girls Hostel for students of secondary and higher secondary schools,388526
Scholarship schemes for Minority students,388423
Rashtriya Madhyamik Shiksha Abhiyan,388547
National Merit-cum-Means Scholarship Scheme,388794
National Merit-cum-Means Scholarship Scheme,388730
National Merit-cum-Means Scholarship Scheme,388697
Rashtriya Madhyamik Shiksha Abhiyan,388693
Scheme of Vocational Education,388461
Scheme of Vocational Education,388760
Girls Hostel Scheme,388699
Rashtriya Madhyamik Shiksha Abhiyan,388800
Inclusive Education for Disabled at Secondary Stage,388580
National Merit-cum-Means Scholarship Scheme,388510
Rashtriya Madhyamik Shiksha Abhiyan,388532
Inclusive Education for Disabled at Secondary Stage,388776
Girls Hostel Scheme,388688
Girls Hostel for students of secondary and higher secondary schools,388616
Girls Hostel for students of secondary and higher secondary schools,388729
Girls Hostel for students of secondary and higher secondary schools,388764
National Merit-cum-Means Scholarship Scheme,388797
Rashtriya Madhyamik Shiksha Abhiyan,388647
Girls Hostel Scheme,388686
Scholarship schemes for Minority students,388752
Girls Hostel for students of secondary and higher secondary schools,388716
National Merit-cum-Means Scholarship Scheme,388467
Scholarship schemes for Minority students,388565
Girls Hostel for students of secondary and higher secondary schools,388698
Scholarship schemes for Minority students,388550
Rashtriya Madhyamik Shiksha Abhiyan,388768
Scheme of Vocational Education,388646
Scheme of Vocational Education,388795
National Scheme of Incentives to Girls for Secondary Education,388647
National Scheme of Incentives to Girls for Secondary Education,388678
Girls Hostel for students of secondary and higher secondary schools,388595
Girls Hostel for students of secondary and higher secondary schools,388499
Inclusive Education for Disabled at Secondary Stage,388781
Rashtriya Madhyamik Shiksha Abhiyan,388712
Rashtriya Madhyamik Shiksha Abhiyan,388412
Girls Hostel for students of secondary and higher secondary schools,388449
National Scheme of Incentives to Girls for Secondary Education,388537
Girls Hostel for students of secondary and higher secondary schools,388749
Scholarship schemes for Minority students,388635
Scheme of Vocational Education,388477
National Scholarships,388735
Rashtriya Madhyamik Shiksha Abhiyan,388758
Rashtriya Madhyamik Shiksha Abhiyan,388498
National Scheme of Incentives to Girls for Secondary Education,388425
National Merit-cum-Means Scholarship Scheme,388709
Inclusive Education for Disabled at Secondary Stage,388571
Scholarship schemes for Minority students,388569
National Merit-cum-Means Scholarship Scheme,388747
Rashtriya Madhyamik Shiksha Abhiyan,388759
Inclusive Education for Disabled at Secondary Stage,388628
Scholarship schemes for Minority students,388642
Scholarship schemes for Minority students,388657
National Merit-cum-Means Scholarship Scheme,388538
Scheme of Vocational Education,388438
National Scheme of Incentives to Girls for Secondary Education,388446
Rashtriya Madhyamik Shiksha Abhiyan,388723
Inclusive Education for Disabled at Secondary Stage,388770
Girls Hostel Scheme,388500
National Merit-cum-Means Scholarship Scheme,388586
National Scheme of Incentives to Girls for Secondary Education,388484
Girls Hostel Scheme,388631
Inclusive Education for Disabled at Secondary Stage,388707
Scholarship schemes for Minority students,388613
Inclusive Education for Disabled at Secondary Stage,388560
Rashtriya Madhyamik Shiksha Abhiyan,388724
National Merit-cum-Means Scholarship Scheme,388754
Rashtriya Madhyamik Shiksha Abhiyan,388720
Scheme of Vocational Education,388522
National Merit-cum-Means Scholarship Scheme,388642
National Merit-cum-Means Scholarship Scheme,388598
National Scholarships,388427
Rashtriya Madhyamik Shiksha Abhiyan,388607
Rashtriya Madhyamik Shiksha Abhiyan,388631
National Merit-cum-Means Scholarship Scheme,388778
National Scheme of Incentives to Girls for Secondary Education,388485
Girls Hostel for students of secondary and higher secondary schools,388522
National Scholarships,388686
Inclusive Education for Disabled at Secondary Stage,388669
National Scholarships,388646
Rashtriya Madhyamik Shiksha Abhiyan,388460
National Scheme of Incentives to Girls for Secondary Education,388417
National Scheme of Incentives to Girls for Secondary Education,388630
National Scholarships,388460
Scholarship schemes for Minority students,388640
Girls Hostel for students of secondary and higher secondary schools,388683
Scheme of Vocational Education,388740
Girls Hostel for students of secondary and higher secondary schools,388588
Inclusive Education for Disabled at Secondary Stage,388528
Scheme of Vocational Education,388657
National Scheme of Incentives to Girls for Secondary Education,388587
Rashtriya Madhyamik Shiksha Abhiyan,388638
National Scheme of Incentives to Girls for Secondary Education,388631
Scholarship schemes for Minority students,388456
Rashtriya Madhyamik Shiksha Abhiyan,388632
Girls Hostel for students of secondary and higher secondary schools,388720
Girls Hostel for students of secondary and higher secondary schools,388695
National Merit-cum-Means Scholarship Scheme,388714
Girls Hostel for students of secondary and higher secondary schools,388690
National Scholarships,388671
Rashtriya Madhyamik Shiksha Abhiyan,388671
Girls Hostel Scheme,388806
National Scheme of Incentives to Girls for Secondary Education,388649
Girls Hostel for students of secondary and higher secondary schools,388590
National Merit-cum-Means Scholarship Scheme,388736
Girls Hostel Scheme,388650
Girls Hostel for students of secondary and higher secondary schools,388537
Scholarship schemes for Minority students,388681
Girls Hostel for students of secondary and higher secondary schools,388458
Scholarship schemes for Minority students,388560
Girls Hostel for students of secondary and higher secondary schools,388484
Girls Hostel for students of secondary and higher secondary schools,388776
Scholarship schemes for Minority students,388708
National Scholarships,388790
Scheme of Vocational Education,388472
National Scholarships,388524
Girls Hostel Scheme,388447
National Scheme of Incentives to Girls for Secondary Education,388434
National Scheme of Incentives to Girls for Secondary Education,388715
Scheme of Vocational Education,388629
Inclusive Education for Disabled at Secondary Stage,388662
Inclusive Education for Disabled at Secondary Stage,388787
National Scholarships,388740
Inclusive Education for Disabled at Secondary Stage,388767
National Scheme of Incentives to Girls for Secondary Education,388611
Girls Hostel Scheme,388747
National Merit-cum-Means Scholarship Scheme,388784
National Merit-cum-Means Scholarship Scheme,388721
Scheme of Vocational Education,388726
Scholarship schemes for Minority students,388502
Girls Hostel for students of secondary and higher secondary schools,388767
Rashtriya Madhyamik Shiksha Abhiyan,388757
Girls Hostel Scheme,388521
National Scholarships,388652
Scholarship schemes for Minority students,388412
National Scheme of Incentives to Girls for Secondary Education,388505
National Merit-cum-Means Scholarship Scheme,388656
Rashtriya Madhyamik Shiksha Abhiyan,388683
National Scheme of Incentives to Girls for Secondary Education,388595
National Scheme of Incentives to Girls for Secondary Education,388454
Inclusive Education for Disabled at Secondary Stage,388762
Girls Hostel for students of secondary and higher secondary schools,388738
Scheme of Vocational Education,388450
Girls Hostel Scheme,388570
Scheme of Vocational Education,388503
National Scheme of Incentives to Girls for Secondary Education,388787
Scholarship schemes for Minority students,388766
National Scholarships,388779
Girls Hostel for students of secondary and higher secondary schools,388750
National Merit-cum-Means Scholarship Scheme,388789
Rashtriya Madhyamik Shiksha Abhiyan,388452
Girls Hostel Scheme,388583
National Merit-cum-Means Scholarship Scheme,388561
National Merit-cum-Means Scholarship Scheme,388790
Scholarship schemes for Minority students,388632
Girls Hostel for students of secondary and higher secondary schools,388630
Inclusive Education for Disabled at Secondary Stage,388794
National Merit-cum-Means Scholarship Scheme,388550
National Merit-cum-Means Scholarship Scheme,388728
Girls Hostel for students of secondary and higher secondary schools,388542
Scholarship schemes for Minority students,388435
National Scheme of Incentives to Girls for Secondary Education,388566
Girls Hostel Scheme,388418
Scheme of Vocational Education,388557
Girls Hostel for students of secondary and higher secondary schools,388694
Rashtriya Madhyamik Shiksha Abhiyan,388729
National Scheme of Incentives to Girls for Secondary Education,388703
Rashtriya Madhyamik Shiksha Abhiyan,388764
National Scholarships,388544
Girls Hostel Scheme,388573
Scheme of Vocational Education,388668
Girls Hostel Scheme,388627
Scheme of Vocational Education,388700
Scheme of Vocational Education,388489
National Scholarships,388529
National Scheme of Incentives to Girls for Secondary Education,388781
Scholarship schemes for Minority students,388525
Scheme of Vocational Education,388622
National Scheme of Incentives to Girls for Secondary Education,388716
Girls Hostel for students of secondary and higher secondary schools,388591
Scholarship schemes for Minority students,388589
National Merit-cum-Means Scholarship Scheme,388493
Scheme of Vocational Education,388564
Inclusive Education for Disabled at Secondary Stage,388521
Girls Hostel Scheme,388785
National Merit-cum-Means Scholarship Scheme,388664
National Scholarships,388558
National Scheme of Incentives to Girls for Secondary Education,388764
Inclusive Education for Disabled at Secondary Stage,388696
National Scholarships,388434
Rashtriya Madhyamik Shiksha Abhiyan,388765
Scholarship schemes for Minority students,388777
Girls Hostel Scheme,388763
Inclusive Education for Disabled at Secondary Stage,388539
National Scheme of Incentives to Girls for Secondary Education,388772
National Merit-cum-Means Scholarship Scheme,388769
Girls Hostel Scheme,388669
Girls Hostel for students of secondary and higher secondary schools,388647
National Scheme of Incentives to Girls for Secondary Education,388734
National Scheme of Incentives to Girls for Secondary Education,388511
Scholarship schemes for Minority students,388628
National Merit-cum-Means Scholarship Scheme,388708
National Scholarships,388441
Scheme of Vocational Education,388746
National Merit-cum-Means Scholarship Scheme,388432
Scheme of Vocational Education,388800
Girls Hostel Scheme,388535
National Scholarships,388725
Girls Hostel Scheme,388486
Girls Hostel for students of secondary and higher secondary schools,388412
National Scheme of Incentives to Girls for Secondary Education,388483
National Merit-cum-Means Scholarship Scheme,388495
Girls Hostel for students of secondary and higher secondary schools,388584
Girls Hostel Scheme,388635
Rashtriya Madhyamik Shiksha Abhiyan,388637
National Merit-cum-Means Scholarship Scheme,388519
National Scholarships,388612
Rashtriya Madhyamik Shiksha Abhiyan,388500
National Merit-cum-Means Scholarship Scheme,388418
Girls Hostel Scheme,388422
Girls Hostel Scheme,388713
National Scheme of Incentives to Girls for Secondary Education,388478
Scholarship schemes for Minority students,388486
Scholarship schemes for Minority students,388608
National Scholarships,388669
National Scholarships,388542
Inclusive Education for Disabled at Secondary Stage,388431
Girls Hostel for students of secondary and higher secondary schools,388624
Girls Hostel Scheme,388571
Rashtriya Madhyamik Shiksha Abhiyan,388803
Rashtriya Madhyamik Shiksha Abhiyan,
National Merit-cum-Means Scholarship Scheme,388545
Rashtriya Madhyamik Shiksha Abhiyan,388477
National Merit-cum-Means Scholarship Scheme,388494
Girls Hostel Scheme,388621
Girls Hostel Scheme,388732
National Scholarships,388746
Inclusive Education for Disabled at Secondary Stage,388804
Girls Hostel for students of secondary and higher secondary schools,388804
Inclusive Education for Disabled at Secondary Stage,388434
National Scheme of Incentives to Girls for Secondary Education,388461
Scheme of Vocational Education,388754
National Merit-cum-Means Scholarship Scheme,388576
Scholarship schemes for Minority students,388629
National Scheme of Incentives to Girls for Secondary Education,388796
Scheme of Vocational Education,388572
Scholarship schemes for Minority students,388445
Inclusive Education for Disabled at Secondary Stage,388681
Rashtriya Madhyamik Shiksha Abhiyan,388681
Scheme of Vocational Education,388653
Girls Hostel Scheme,388690
National Scholarships,388804
Inclusive Education for Disabled at Secondary Stage,388430
Girls Hostel for students of secondary and higher secondary schools,388475
National Scheme of Incentives to Girls for Secondary Education,388699
National Scheme of Incentives to Girls for Secondary Education,388429
Girls Hostel Scheme,388743
Girls Hostel Scheme,388701
Girls Hostel Scheme,388489
National Scheme of Incentives to Girls for Secondary Education,388510
Girls Hostel for students of secondary and higher secondary schools,388731
National Scholarships,388570
Girls Hostel for students of secondary and higher secondary schools,388438
Girls Hostel for students of secondary and higher secondary schools,388724
National Scholarships,388573
Scheme of Vocational Education,388474
Inclusive Education for Disabled at Secondary Stage,388452
Girls Hostel for students of secondary and higher secondary schools,388518
Scholarship schemes for Minority students,388457
Scheme of Vocational Education,388779
Girls Hostel for students of secondary and higher secondary schools,388657
Scholarship schemes for Minority students,388437
National Merit-cum-Means Scholarship Scheme,388612
National Merit-cum-Means Scholarship Scheme,388535
Girls Hostel Scheme,388529
Scheme of Vocational Education,388737
Inclusive Education for Disabled at Secondary Stage,388667
Girls Hostel for students of secondary and higher secondary schools,388664
Scholarship schemes for Minority students,388612
Girls Hostel Scheme,388620
Inclusive Education for Disabled at Secondary Stage,388562
National Scholarships,388476
Scholarship schemes for Minority students,388594
Inclusive Education for Disabled at Secondary Stage,388732
Scheme of Vocational Education,388604
National Scholarships,388617
Scheme of Vocational Education,388576
Scheme of Vocational Education,388628
Inclusive Education for Disabled at Secondary Stage,388807
Girls Hostel for students of secondary and higher secondary schools,388609
National Scheme of Incentives to Girls for Secondary Education,388745
Girls Hostel for students of secondary and higher secondary schools,388545
Scheme of Vocational Education,388687
Scheme of Vocational Education,388681
Scholarship schemes for Minority students,388578
Inclusive Education for Disabled at Secondary Stage,388759
Scholarship schemes for Minority students,388480
National Scheme of Incentives to Girls for Secondary Education,388438
Inclusive Education for Disabled at Secondary Stage,388594
Girls Hostel Scheme,388702
Scholarship schemes for Minority students,388689
Girls Hostel for students of secondary and higher secondary schools,388521
Inclusive Education for Disabled at Secondary Stage,388461
National Merit-cum-Means Scholarship Scheme,388661
Girls Hostel Scheme,388777
Scheme of Vocational Education,388714
Girls Hostel Scheme,388721
Scholarship schemes for Minority students,388717
National Merit-cum-Means Scholarship Scheme,388805
Girls Hostel for students of secondary and higher secondary schools,388794
National Scholarships,388514
Girls Hostel for students of secondary and higher secondary schools,388709
Girls Hostel for students of secondary and higher secondary schools,388662
National Scheme of Incentives to Girls for Secondary Education,388424
Rashtriya Madhyamik Shiksha Abhiyan,388468
National Scheme of Incentives to Girls for Secondary Education,388780
National Scheme of Incentives to Girls for Secondary Education,388514
Girls Hostel for students of secondary and higher secondary schools,388557
Rashtriya Madhyamik Shiksha Abhiyan,388737
Inclusive Education for Disabled at Secondary Stage,388680
Girls Hostel for students of secondary and higher secondary schools,388689
National Scholarships,388574
National Merit-cum-Means Scholarship Scheme,388759
Inclusive Education for Disabled at Secondary Stage,388474
National Merit-cum-Means Scholarship Scheme,388592
National Scheme of Incentives to Girls for Secondary Education,388765
Inclusive Education for Disabled at Secondary Stage,388658
Rashtriya Madhyamik Shiksha Abhiyan,388658
National Merit-cum-Means Scholarship Scheme,388781
Rashtriya Madhyamik Shiksha Abhiyan,388733
Rashtriya Madhyamik Shiksha Abhiyan,388566
Scholarship schemes for Minority students,388755
Inclusive Education for Disabled at Secondary Stage,388790
Girls Hostel for students of secondary and higher secondary schools,388587
Girls Hostel for students of secondary and higher secondary schools,388696
National Scheme of Incentives to Girls for Secondary Education,388526
Inclusive Education for Disabled at Secondary Stage,388520
Rashtriya Madhyamik Shiksha Abhiyan,388562
Rashtriya Madhyamik Shiksha Abhiyan,388497
Scholarship schemes for Minority students,388759
Girls Hostel for students of secondary and higher secondary schools,388781
Girls Hostel for students of secondary and higher secondary schools,388452
National Scheme of Incentives to Girls for Secondary Education,388518
Girls Hostel for students of secondary and higher secondary schools,388638
National Scholarships,388654
National Scheme of Incentives to Girls for Secondary Education,388664
Girls Hostel for students of secondary and higher secondary schools,388801
Inclusive Education for Disabled at Secondary Stage,388638
National Merit-cum-Means Scholarship Scheme,388763
Scholarship schemes for Minority students,388462
Girls Hostel for students of secondary and higher secondary schools,388656
National Scholarships,388516
National Scheme of Incentives to Girls for Secondary Education,388486
Girls Hostel Scheme,388415
Girls Hostel for students of secondary and higher secondary schools,388540
Inclusive Education for Disabled at Secondary Stage,388596
National Scholarships,388480
Scholarship schemes for Minority students,388747
Girls Hostel Scheme,388502
National Scholarships,388788
National Scheme of Incentives to Girls for Secondary Education,388658
Inclusive Education for Disabled at Secondary Stage,388806
Inclusive Education for Disabled at Secondary Stage,388683
Rashtriya Madhyamik Shiksha Abhiyan,388708
Inclusive Education for Disabled at Secondary Stage,388501
National Merit-cum-Means Scholarship Scheme,388674
Scholarship schemes for Minority students,388644
Girls Hostel for students of secondary and higher secondary schools,388774
Girls Hostel Scheme,388687
National Scheme of Incentives to Girls for Secondary Education,388701
Scheme of Vocational Education,388560
Girls Hostel Scheme,388503
Girls Hostel Scheme,388580
Girls Hostel Scheme,388729
National Scholarships,388490
Rashtriya Madhyamik Shiksha Abhiyan,388585
Girls Hostel for students of secondary and higher secondary schools,388732
National Merit-cum-Means Scholarship Scheme,388686
Girls Hostel Scheme,388550
Girls Hostel Scheme,388757
Girls Hostel for students of secondary and higher secondary schools,388575
Scheme of Vocational Education,388593
Scholarship schemes for Minority students,388429
Girls Hostel Scheme,388697
Girls Hostel Scheme,388700
Rashtriya Madhyamik Shiksha Abhiyan,388713
National Merit-cum-Means Scholarship Scheme,388688
Scholarship schemes for Minority students,388716
Girls Hostel Scheme,388659
National Scheme of Incentives to Girls for Secondary Education,388763
Inclusive Education for Disabled at Secondary Stage,388752
National Scheme of Incentives to Girls for Secondary Education,388662
Girls Hostel for students of secondary and higher secondary schools,388669
National Merit-cum-Means Scholarship Scheme,388643
National Scheme of Incentives to Girls for Secondary Education,388598
Girls Hostel for students of secondary and higher secondary schools,388761
Girls Hostel for students of secondary and higher secondary schools,388506
Girls Hostel Scheme,388452
Girls Hostel Scheme,388615
Inclusive Education for Disabled at Secondary Stage,388416
Inclusive Education for Disabled at Secondary Stage,388666
Scheme of Vocational Education,388559
Girls Hostel for students of secondary and higher secondary schools,388740
Inclusive Education for Disabled at Secondary Stage,388420
National Merit-cum-Means Scholarship Scheme,388711
National Scholarships,388694
Girls Hostel for students of secondary and higher secondary schools,388418
Inclusive Education for Disabled at Secondary Stage,388534
Inclusive Education for Disabled at Secondary Stage,388616
National Scholarships,388537
Scheme of Vocational Education,388484
National Scholarships,388607
National Scheme of Incentives to Girls for Secondary Education,388565
National Scheme of Incentives to Girls for Secondary Education,388531
Scholarship schemes for Minority students,388416
National Scholarships,388664
National Scholarships,388562
Rashtriya Madhyamik Shiksha Abhiyan,388792
Inclusive Education for Disabled at Secondary Stage,388724
Girls Hostel Scheme,388419
Girls Hostel for students of secondary and higher secondary schools,388517
Girls Hostel Scheme,388792
National Merit-cum-Means Scholarship Scheme,388671
National Scheme of Incentives to Girls for Secondary Education,388714
Scheme of Vocational Education,388769
Inclusive Education for Disabled at Secondary Stage,388561
Inclusive Education for Disabled at Secondary Stage,388771
Scholarship schemes for Minority students,388554
Scheme of Vocational Education,388531
Girls Hostel Scheme,388520
Girls Hostel Scheme,388511
Scholarship schemes for Minority students,388697
Inclusive Education for Disabled at Secondary Stage,388738
Scholarship schemes for Minority students,388737
National Merit-cum-Means Scholarship Scheme,388480
Scheme of Vocational Education,388451
National Scholarships,388431
Scholarship schemes for Minority students,388444
Scheme of Vocational Education,388591
Girls Hostel Scheme,388778
Scheme of Vocational Education,388506
Scholarship schemes for Minority students,388655
Girls Hostel for students of secondary and higher secondary schools,388594
National Scholarships,388429
National Scheme of Incentives to Girls for Secondary Education,388489
Girls Hostel for students of secondary and higher secondary schools,388535
National Merit-cum-Means Scholarship Scheme,388716
National Scheme of Incentives to Girls for Secondary Education,388656
Inclusive Education for Disabled at Secondary Stage,388744
Girls Hostel for students of secondary and higher secondary schools,388605
National Scholarships,388806
National Merit-cum-Means Scholarship Scheme,388502
Rashtriya Madhyamik Shiksha Abhiyan,388655
Scholarship schemes for Minority students,388584
Scholarship schemes for Minority students,388538
Scholarship schemes for Minority students,388715
National Merit-cum-Means Scholarship Scheme,388485
National Scheme of Incentives to Girls for Secondary Education,388736
National Scholarships,388491
National Scholarships,388698
Scholarship schemes for Minority students,388585
National Scholarships,388433
Girls Hostel for students of secondary and higher secondary schools,388726
Girls Hostel for students of secondary and higher secondary schools,388483
Girls Hostel Scheme,388731
Rashtriya Madhyamik Shiksha Abhiyan,388736
Inclusive Education for Disabled at Secondary Stage,388479
National Merit-cum-Means Scholarship Scheme,388695
National Merit-cum-Means Scholarship Scheme,388458
National Merit-cum-Means Scholarship Scheme,388540
National Scheme of Incentives to Girls for Secondary Education,388596
Scholarship schemes for Minority students,388497
Girls Hostel Scheme,388634
National Scholarships,388625
Inclusive Education for Disabled at Secondary Stage,388686
Inclusive Education for Disabled at Secondary Stage,388532
Scholarship schemes for Minority students,388679
Inclusive Education for Disabled at Secondary Stage,388754
Girls Hostel Scheme,388525
Girls Hostel Scheme,388633
Rashtriya Madhyamik Shiksha Abhiyan,388721
National Merit-cum-Means Scholarship Scheme,388800
National Scheme of Incentives to Girls for Secondary Education,388704
Scheme of Vocational Education,388460
Rashtriya Madhyamik Shiksha Abhiyan,388612
National Scheme of Incentives to Girls for Secondary Education,388414
Inclusive Education for Disabled at Secondary Stage,388631
Girls Hostel Scheme,388492
Girls Hostel for students of secondary and higher secondary schools,388596
Girls Hostel Scheme,388696
Scheme of Vocational Education,388473
National Scheme of Incentives to Girls for Secondary Education,388666
National Scholarships,388545
Rashtriya Madhyamik Shiksha Abhiyan,388656
Inclusive Education for Disabled at Secondary Stage,388756
Rashtriya Madhyamik Shiksha Abhiyan,388659
National Scholarships,388715
Scheme of Vocational Education,388525
National Scheme of Incentives to Girls for Secondary Education,388729
Scheme of Vocational Education,388446
National Scheme of Incentives to Girls for Secondary Education,388445
National Scheme of Incentives to Girls for Secondary Education,388561
National Scholarships,388605
National Scheme of Incentives to Girls for Secondary Education,388472
National Merit-cum-Means Scholarship Scheme,388623
National Scheme of Incentives to Girls for Secondary Education,388436
National Merit-cum-Means Scholarship Scheme,388417
Scholarship schemes for Minority students,388454
National Merit-cum-Means Scholarship Scheme,388594
Inclusive Education for Disabled at Secondary Stage,388750
National Scholarships,388577
National Merit-cum-Means Scholarship Scheme,388488
National Scholarships,388763
Girls Hostel for students of secondary and higher secondary schools,388417
Scholarship schemes for Minority students,388615
National Scheme of Incentives to Girls for Secondary Education,388617
Scholarship schemes for Minority students,388546
Girls Hostel for students of secondary and higher secondary schools,388497
National Scheme of Incentives to Girls for Secondary Education,388625
Girls Hostel for students of secondary and higher secondary schools,388419
National Merit-cum-Means Scholarship Scheme,388501
Girls Hostel Scheme,388561
Girls Hostel for students of secondary and higher secondary schools,388572
National Scheme of Incentives to Girls for Secondary Education,388471
Rashtriya Madhyamik Shiksha Abhiyan,388802
Girls Hostel Scheme,388801
Scheme of Vocational Education,388648
Scheme of Vocational Education,388423
Inclusive Education for Disabled at Secondary Stage,388799
Scholarship schemes for Minority students,388775
National Scheme of Incentives to Girls for Secondary Education,388602
National Merit-cum-Means Scholarship Scheme,388659
Girls Hostel Scheme,388605
Scheme of Vocational Education,388771
Girls Hostel Scheme,388656
Inclusive Education for Disabled at Secondary Stage,388566
Scholarship schemes for Minority students,388771
Girls Hostel for students of secondary and higher secondary schools,388430
Girls Hostel for students of secondary and higher secondary schools,388560
Rashtriya Madhyamik Shiksha Abhiyan,388754
Inclusive Education for Disabled at Secondary Stage,388805
Girls Hostel Scheme,388649
National Scheme of Incentives to Girls for Secondary Education,388426
Rashtriya Madhyamik Shiksha Abhiyan,388493
Rashtriya Madhyamik Shiksha Abhiyan,388633
Rashtriya Madhyamik Shiksha Abhiyan,388695
Rashtriya Madhyamik Shiksha Abhiyan,388673
Scholarship schemes for Minority students,388765
Rashtriya Madhyamik Shiksha Abhiyan,388511
National Scheme of Incentives to Girls for Secondary Education,388433
National Scholarships,388663
National Scholarships,388629
Rashtriya Madhyamik Shiksha Abhiyan,388738
Scheme of Vocational Education,388775
Rashtriya Madhyamik Shiksha Abhiyan,388780
Inclusive Education for Disabled at Secondary Stage,388443
National Scholarships,388680
Scheme of Vocational Education,388546
Scholarship schemes for Minority students,388476
National Scheme of Incentives to Girls for Secondary Education,388696
Girls Hostel Scheme,388509
National Scholarships,388538
National Merit-cum-Means Scholarship Scheme,388653
National Scholarships,388776
Scheme of Vocational Education,388803
Inclusive Education for Disabled at Secondary Stage,388603
National Scholarships,388751
Inclusive Education for Disabled at Secondary Stage,388698
National Scheme of Incentives to Girls for Secondary Education,388579
Rashtriya Madhyamik Shiksha Abhiyan,388570
National Scheme of Incentives to Girls for Secondary Education,388788
National Scheme of Incentives to Girls for Secondary Education,388661
National Merit-cum-Means Scholarship Scheme,388558
Girls Hostel for students of secondary and higher secondary schools,388478
Scheme of Vocational Education,388650
Inclusive Education for Disabled at Secondary Stage,388554
Girls Hostel for students of secondary and higher secondary schools,388463
Rashtriya Madhyamik Shiksha Abhiyan,388556
Rashtriya Madhyamik Shiksha Abhiyan,388464
National Scheme of Incentives to Girls for Secondary Education,388612
Scheme of Vocational Education,388567
National Merit-cum-Means Scholarship Scheme,388756
Inclusive Education for Disabled at Secondary Stage,388445
Scholarship schemes for Minority students,388536
Scholarship schemes for Minority students,388599
Scheme of Vocational Education,388566
Scholarship schemes for Minority students,388808
National Scholarships,388501
National Merit-cum-Means Scholarship Scheme,388634
Girls Hostel Scheme,388716
National Scheme of Incentives to Girls for Secondary Education,388539
National Scholarships,388696
Rashtriya Madhyamik Shiksha Abhiyan,388558
National Scholarships,388446
National Scholarships,388593
National Merit-cum-Means Scholarship Scheme,388479
Girls Hostel for students of secondary and higher secondary schools,388765
Inclusive Education for Disabled at Secondary Stage,388508
Rashtriya Madhyamik Shiksha Abhiyan,388719
Scholarship schemes for Minority students,388474
Inclusive Education for Disabled at Secondary Stage,388695
Rashtriya Madhyamik Shiksha Abhiyan,388459
Girls Hostel Scheme,388532
Scholarship schemes for Minority students,388683
Girls Hostel Scheme,388543
Girls Hostel Scheme,388774
Girls Hostel for students of secondary and higher secondary schools,388660
National Scheme of Incentives to Girls for Secondary Education,388506
Girls Hostel for students of secondary and higher secondary schools,388700
Inclusive Education for Disabled at Secondary Stage,388411
Scholarship schemes for Minority students,388516
National Merit-cum-Means Scholarship Scheme,388777
National Scholarships,388808
Inclusive Education for Disabled at Secondary Stage,388788
Girls Hostel Scheme,388646
Girls Hostel Scheme,388609
Scholarship schemes for Minority students,388660
Girls Hostel for students of secondary and higher secondary schools,388551
Girls Hostel Scheme,388759
National Scheme of Incentives to Girls for Secondary Education,388468
Inclusive Education for Disabled at Secondary Stage,388626
National Merit-cum-Means Scholarship Scheme,388471
Inclusive Education for Disabled at Secondary Stage,388720
Girls Hostel Scheme,388790
Inclusive Education for Disabled at Secondary Stage,
Girls Hostel Scheme,388427
Inclusive Education for Disabled at Secondary Stage,388623
National Scholarships,388499
National Scheme of Incentives to Girls for Secondary Education,388600
National Scheme of Incentives to Girls for Secondary Education,388557
Girls Hostel Scheme,388572
National Scholarships,388783
National Scheme of Incentives to Girls for Secondary Education,388659
National Merit-cum-Means Scholarship Scheme,388618
Girls Hostel Scheme,388464
National Merit-cum-Means Scholarship Scheme,388415
Inclusive Education for Disabled at Secondary Stage,388466
Scheme of Vocational Education,388636
Girls Hostel Scheme,388449
National Scheme of Incentives to Girls for Secondary Education,388700
Scheme of Vocational Education,388772
Inclusive Education for Disabled at Secondary Stage,388723
National Scholarships,388478
Scholarship schemes for Minority students,388778
Girls Hostel Scheme,388653
Girls Hostel for students of secondary and higher secondary schools,388728
National Merit-cum-Means Scholarship Scheme,388604
Girls Hostel Scheme,388491
Rashtriya Madhyamik Shiksha Abhiyan,388534
Scholarship schemes for Minority students,388419
Rashtriya Madhyamik Shiksha Abhiyan,388541
National Scholarships,388495
Rashtriya Madhyamik Shiksha Abhiyan,388668
National Scholarships,388716
Girls Hostel Scheme,388691
National Merit-cum-Means Scholarship Scheme,388746
Inclusive Education for Disabled at Secondary Stage,388462
Scholarship schemes for Minority students,388465
Girls Hostel Scheme,388494
National Scheme of Incentives to Girls for Secondary Education,388559
Rashtriya Madhyamik Shiksha Abhiyan,388411
National Scheme of Incentives to Girls for Secondary Education,388475
Girls Hostel for students of secondary and higher secondary schools,388692
Girls Hostel for students of secondary and higher secondary schools,388525
National Scholarships,388750
Scholarship schemes for Minority students,388559
Girls Hostel for students of secondary and higher secondary schools,388652
National Scheme of Incentives to Girls for Secondary Education,388783
Inclusive Education for Disabled at Secondary Stage,388611
Girls Hostel Scheme,388645
Scheme of Vocational Education,388808
Girls Hostel Scheme,388718
Inclusive Education for Disabled at Secondary Stage,388538
Scheme of Vocational Education,388497
National Scholarships,388585
National Merit-cum-Means Scholarship Scheme,388472
Rashtriya Madhyamik Shiksha Abhiyan,388453
Scheme of Vocational Education,388767
Girls Hostel Scheme,388575
Inclusive Education for Disabled at Secondary Stage,388507
Girls Hostel for students of secondary and higher secondary schools,388511
Rashtriya Madhyamik Shiksha Abhiyan,388789
National Scholarships,388565
Scheme of Vocational Education,388467
National Merit-cum-Means Scholarship Scheme,388770
Rashtriya Madhyamik Shiksha Abhiyan,388482
National Scholarships,388742
Inclusive Education for Disabled at Secondary Stage,388715
Scheme of Vocational Education,388578
Rashtriya Madhyamik Shiksha Abhiyan,388504
Rashtriya Madhyamik Shiksha Abhiyan,388782
Inclusive Education for Disabled at Secondary Stage,388446
National Scholarships,388633
Girls Hostel for students of secondary and higher secondary schools,388548
Girls Hostel Scheme,388613
Scholarship schemes for Minority students,388534
National Merit-cum-Means Scholarship Scheme,388600
National Scholarships,388785
Inclusive Education for Disabled at Secondary Stage,388710
National Merit-cum-Means Scholarship Scheme,388597
Girls Hostel for students of secondary and higher secondary schools,388420
Inclusive Education for Disabled at Secondary Stage,388524
National Merit-cum-Means Scholarship Scheme,388700
National Scheme of Incentives to Girls for Secondary Education,388635
Scheme of Vocational Education,388708
National Scholarships,388564
National Scheme of Incentives to Girls for Secondary Education,388741
Girls Hostel for students of secondary and higher secondary schools,388771
National Scholarships,388442
Inclusive Education for Disabled at Secondary Stage,388470
Scholarship schemes for Minority students,388574
Inclusive Education for Disabled at Secondary Stage,388475
National Scheme of Incentives to Girls for Secondary Education,388761
National Merit-cum-Means Scholarship Scheme,388702
National Scheme of Incentives to Girls for Secondary Education,388618
Inclusive Education for Disabled at Secondary Stage,388494
National Merit-cum-Means Scholarship Scheme,388807
Girls Hostel Scheme,388657
National Merit-cum-Means Scholarship Scheme,388680
Scholarship schemes for Minority students,388425
Girls Hostel for students of secondary and higher secondary schools,388625
Scholarship schemes for Minority students,388631
Scheme of Vocational Education,388595
Inclusive Education for Disabled at Secondary Stage,388712
Rashtriya Madhyamik Shiksha Abhiyan,388433
Girls Hostel Scheme,388473
Rashtriya Madhyamik Shiksha Abhiyan,388457
Scholarship schemes for Minority students,388684
Girls Hostel Scheme,388794
Scheme of Vocational Education,388661
Inclusive Education for Disabled at Secondary Stage,388577
Girls Hostel for students of secondary and higher secondary schools,388613
National Scholarships,388703
Girls Hostel for students of secondary and higher secondary schools,388659
National Merit-cum-Means Scholarship Scheme,388699
Scholarship schemes for Minority students,388704
Scholarship schemes for Minority students,388630
Inclusive Education for Disabled at Secondary Stage,388502
National Scholarships,388757
Inclusive Education for Disabled at Secondary Stage,388675
Scheme of Vocational Education,388575
Girls Hostel Scheme,388711
National Scheme of Incentives to Girls for Secondary Education,388533
National Scheme of Incentives to Girls for Secondary Education,388708
Rashtriya Madhyamik Shiksha Abhiyan,388804
Inclusive Education for Disabled at Secondary Stage,388737
Inclusive Education for Disabled at Secondary Stage,388531
National Merit-cum-Means Scholarship Scheme,388445
Girls Hostel for students of secondary and higher secondary schools,388799
Rashtriya Madhyamik Shiksha Abhiyan,388747
Scheme of Vocational Education,388666
National Merit-cum-Means Scholarship Scheme,388687
National Scholarships,388634
Inclusive Education for Disabled at Secondary Stage,388493
Girls Hostel for students of secondary and higher secondary schools,388456
Girls Hostel for students of secondary and higher secondary schools,388569
Inclusive Education for Disabled at Secondary Stage,388477
National Scheme of Incentives to Girls for Secondary Education,388504
National Scholarships,388453
Girls Hostel for students of secondary and higher secondary schools,388601
Girls Hostel Scheme,388703
Girls Hostel for students of secondary and higher secondary schools,388792
National Scholarships,388600
National Scholarships,388762
Scheme of Vocational Education,388736
National Merit-cum-Means Scholarship Scheme,388569
Rashtriya Madhyamik Shiksha Abhiyan,388730
Rashtriya Madhyamik Shiksha Abhiyan,388630
National Scheme of Incentives to Girls for Secondary Education,388776
Scholarship schemes for Minority students,388438
Scheme of Vocational Education,388662
Inclusive Education for Disabled at Secondary Stage,388421
Inclusive Education for Disabled at Secondary Stage,388546
National Merit-cum-Means Scholarship Scheme,388675
Inclusive Education for Disabled at Secondary Stage,388624
National Merit-cum-Means Scholarship Scheme,388670
Inclusive Education for Disabled at Secondary Stage,388488
Girls Hostel Scheme,388771
National Merit-cum-Means Scholarship Scheme,388469
National Scholarships,388741
Girls Hostel Scheme,388424
Girls Hostel for students of secondary and higher secondary schools,388747
Scheme of Vocational Education,388532
Scholarship schemes for Minority students,388733
Inclusive Education for Disabled at Secondary Stage,388739
National Scholarships,388560
Girls Hostel Scheme,388601
Rashtriya Madhyamik Shiksha Abhiyan,388779
Rashtriya Madhyamik Shiksha Abhiyan,388422
Girls Hostel Scheme,388741
National Scheme of Incentives to Girls for Secondary Education,388553
National Scholarships,388697
Girls Hostel for students of secondary and higher secondary schools,388485
Girls Hostel for students of secondary and higher secondary schools,388578
Girls Hostel Scheme,388578
Girls Hostel for students of secondary and higher secondary schools,388581
